Strategy,Mean_Sharpe,Std_Sharpe,Min_Sharpe,Max_Sharpe
SPY Benchmark,0.6372340556180727,0.025652943655006314,0.5979851000433941,0.6654086193069663
Risk Parity,0.6118050906468001,0.0534667278618481,0.5313762858613429,0.6737509671158396
Maximum Sharpe,0.5709813436896445,0.1203859607675611,0.46764928772859565,0.7833760018454923
Equal Weight,0.541321588837515,0.026685262420631763,0.5005266346927469,0.5707791453533674
Minimum Variance,0.49668552967404,0.07067084985800244,0.38571386999148444,0.570113705156552
