,Annualized Return,Annualized Volatility,Sharpe Ratio,Maximum Drawdown,95% Historical VaR,95% Historical CVaR
Equal Weight,0.09701610286395737,0.13493152910532213,0.5707791453533568,-0.27582308674865297,-0.012314600076708912,-0.019931832179182953
Minimum Variance,0.07114122009656806,0.09852485986578963,0.5190691990451195,-0.2727018119250104,-0.009371087735651238,-0.014187835630417719
Maximum Sharpe,0.09117825722849543,0.1522043529120165,0.46764928772858977,-0.28758294603852796,-0.015200114535223736,-0.023126988107726516
Risk Parity,0.0936811253353,0.11388974786811858,0.6469513429832232,-0.26973356697324913,-0.010635881231813755,-0.016961858867428414
SPY Benchmark,0.1404717791656408,0.18104932168013405,0.6654086193069663,-0.34104746704498423,-0.01692421063505641,-0.0278282024745544
