,Annualized Return,Annualized Volatility,Sharpe Ratio
Equal Weight,0.08441158176102584,0.132294838910886,0.48687902182195913
Minimum Variance,0.06041168984278927,0.09382793017337963,0.43070000337974695
Maximum Sharpe,0.15078083780474855,0.1291011294464822,1.0130107952228464
Risk Parity,0.06908876711823525,0.10607174959027792,0.46278832307235285
