,Period Return,Annualized Volatility,Maximum Drawdown,95% Historical VaR,95% Historical CVaR
Equal Weight,-0.2500575353591823,0.5233376960086641,-0.2524169009278888,-0.07420535809718906,-0.0808432914248001
Minimum Variance,-0.1357367780019022,0.34034345880929867,-0.18770045190218176,-0.05126272253621306,-0.05390527664998295
Maximum Sharpe,-0.06465163641143457,0.28044415008898715,-0.12624922455032384,-0.03494341762135763,-0.03775639116976085
Risk Parity,-0.17344309567195215,0.37204616408869606,-0.2015882186054443,-0.051943641490940544,-0.055656946849512945
SPY Benchmark,-0.33789683128916337,0.7552055529588955,-0.3410474670449841,-0.09303981061621329,-0.10255047313492305
