,Period Return,Annualized Volatility,Maximum Drawdown,95% Historical VaR,95% Historical CVaR
Equal Weight,-0.27042600519987947,0.18442095635816969,-0.2688935607462797,-0.019958819675123914,-0.026412175394130027
Minimum Variance,-0.25696376927133613,0.12871687868650267,-0.25018191280368673,-0.013639990234175904,-0.01710183447868866
Maximum Sharpe,-0.28825005338548326,0.20951986866436426,-0.2905566268137335,-0.02293787369060556,-0.031127656769589472
Risk Parity,-0.26401932977673825,0.1494768794318564,-0.25903216826427045,-0.01529790297785663,-0.020988123518694283
SPY Benchmark,-0.24703132895401014,0.24366001318272823,-0.2536057440706635,-0.028966037427102173,-0.03516977453462415
